{
  "project_info": {
    "project_number": "870411809419",
    "project_id": "game-on-e6b24",
    "storage_bucket": "game-on-e6b24.appspot.com"
  },
  "client": [
    {
      "client_info": {
        "mobilesdk_app_id": "1:870411809419:android:441ada758cadcca9e75a8e",
        "android_client_info": {
          "package_name": "com.example.iphone_1"
        }
      },
      "oauth_client": [],
      "api_key": [
        {
          "current_key": "AIzaSyCahuOxgkY2ofkaLlhis7lQP7la22erEF8"
        }
      ],
      "services": {
        "appinvite_service": {
          "other_platform_oauth_client": []
        }
      }
    }
  ],
  "configuration_version": "1"
}