{
  "_format": "hh-sol-cache-2",
  "files": {
    "C:\\Users\\andre\\Desktop\\PROJECT\\FUTMX-Cert\\contracts\\StudentVerification.sol": {
      "lastModificationDate": 1700823318512,
      "contentHash": "4eb97f1b09d5e36494b31c89fed0288a",
      "sourceName": "contracts/StudentVerification.sol",
      "solcConfig": {
        "version": "0.8.0",
        "settings": {
          "optimizer": {
            "enabled": false,
            "runs": 200
          },
          "outputSelection": {
            "*": {
              "*": [
                "abi",
                "evm.bytecode",
                "evm.deployedBytecode",
                "evm.methodIdentifiers",
                "metadata"
              ],
              "": [
                "ast"
              ]
            }
          }
        }
      },
      "imports": [],
      "versionPragmas": [
        "^0.8.0"
      ],
      "artifacts": [
        "StudentVerification"
      ]
    }
  }
}
