[{"anonymous":false,"inputs":[{"indexed":true,"internalType":"string","name":"matricNo","type":"string"},{"indexed":false,"internalType":"string","name":"name","type":"string"},{"indexed":false,"internalType":"string","name":"gpa","type":"string"},{"indexed":false,"internalType":"string","name":"department","type":"string"},{"indexed":false,"internalType":"string","name":"ipfsHash","type":"string"}],"name":"StudentAdded","type":"event"},{"inputs":[{"internalType":"string","name":"_name","type":"string"},{"internalType":"string","name":"_matricNo","type":"string"},{"internalType":"string","name":"_gpa","type":"string"},{"internalType":"string","name":"_department","type":"string"},{"internalType":"string","name":"_ipfsHash","type":"string"}],"name":"addStudent","outputs":[],"stateMutability":"nonpayable","type":"function"},{"inputs":[{"internalType":"string","name":"_matricNo","type":"string"}],"name":"getStudent","outputs":[{"internalType":"string","name":"name","type":"string"},{"internalType":"string","name":"matricNo","type":"string"},{"internalType":"string","name":"gpa","type":"string"},{"internalType":"string","name":"department","type":"string"},{"internalType":"string","name":"ipfsHash","type":"string"}],"stateMutability":"view","type":"function"},{"inputs":[{"internalType":"string","name":"","type":"string"}],"name":"students","outputs":[{"internalType":"string","name":"name","type":"string"},{"internalType":"string","name":"matricNo","type":"string"},{"internalType":"string","name":"gpa","type":"string"},{"internalType":"string","name":"department","type":"string"},{"internalType":"string","name":"ipfsHash","type":"string"}],"stateMutability":"view","type":"function"}]