{
  "project_info": {
    "project_number": "10109651219",
    "project_id": "mentalhealthbot-5d069",
    "storage_bucket": "mentalhealthbot-5d069.appspot.com"
  },
  "client": [
    {
      "client_info": {
        "mobilesdk_app_id": "1:10109651219:android:a6503068089afb799ab2e6",
        "android_client_info": {
          "package_name": "com.example.mental_health_bot"
        }
      },
      "oauth_client": [
        {
          "client_id": "10109651219-le10t3hu02bfsp2n7hg783frdvq8ejk7.apps.googleusercontent.com",
          "client_type": 1,
          "android_info": {
            "package_name": "com.example.mental_health_bot",
            "certificate_hash": "50fdc50fade52d783af7cc3012137b28480f6aad"
          }
        },
        {
          "client_id": "10109651219-ga65kv0dr5ioull1mc5qf90sbr9ano8h.apps.googleusercontent.com",
          "client_type": 3
        }
      ],
      "api_key": [
        {
          "current_key": "AIzaSyCP5gw_uOwxBCYv1poxdnFa3Z9A4vHinbg"
        }
      ],
      "services": {
        "appinvite_service": {
          "other_platform_oauth_client": [
            {
              "client_id": "10109651219-ga65kv0dr5ioull1mc5qf90sbr9ano8h.apps.googleusercontent.com",
              "client_type": 3
            },
            {
              "client_id": "10109651219-1dt13p6e9usjlrkc7mdfa31ol0bl2jhk.apps.googleusercontent.com",
              "client_type": 2,
              "ios_info": {
                "bundle_id": "com.example.mentalHealthBot"
              }
            }
          ]
        }
      }
    }
  ],
  "configuration_version": "1"
}